codigo,descricao ,capacidade_media_pe,capacidade_media_sentado,capacidade_media,capacidade_media_85pc,descricao_condens
26,MINIONBUS URBAN S/AR C/ELEV,15,22,37,35,Mini
27,MINIONBUS URBAN C/AR C/ELEV,15,22,37,35,Mini
28,MIDIONBUS URBAN S/AR C/ELEV,31,35,66,62,Midi
29,MIDIONBUS URBAN C/AR C/ELEV,31,35,66,62,Midi
48,MIDI URB S/AR C/ELEV S/COBR,31,35,66,62,Midi
49,MIDI URB C/AR C/ELEV S/COBR,31,35,66,62,Midi
52,MIDI URB S/AR C/ELEV 2 CATR,31,35,66,62,Midi
53,MIDI URB C/AR C/ELEV 2 CATR,31,35,66,62,Midi
30,ONBUS BASIC URB S/AR C/ELEV,39,40,79,74,Básico
31,ONBUS BASIC URB C/AR C/ELEV,39,40,79,74,Básico
50,ONIBUS BS URB S/AR C/E 2CAT,39,40,79,74,Básico
51,ONIBUS BS URB C/AR C/E 2CAT,39,40,79,74,Básico
42,ONIB PDRON URB P BAIXO C/AR,39,40,79,74,Padron
43,ONIB PDRON URB P BAIXO S/AR,39,40,79,74,Padron
59,ONIB PAD URB P BX C/AR S/CO,39,40,79,74,Padron