  linha,consorcio
"100","INTERNORTE"
"101","INTERNORTE"
"102","INTERNORTE"
"103","INTERNORTE"
"104","INTERNORTE"
"105","INTERNORTE"
"106","INTERNORTE"
"107","INTERNORTE"
"108","INTERNORTE"
"109","INTERNORTE"
"110","INTERNORTE"
"111","INTERNORTE"
"112","INTERNORTE"
"113","INTERNORTE"
"114","INTERNORTE"
"115","INTERNORTE"
"116","INTERNORTE"
"117","INTERNORTE"
"118","INTERNORTE"
"119","INTERNORTE"
"120","INTERNORTE"
"121","INTERNORTE"
"122","INTERNORTE"
"123","INTERNORTE"
"124","INTERNORTE"
"125","INTERNORTE"
"126","INTERNORTE"
"127","INTERNORTE"
"128","INTERNORTE"
"129","INTERNORTE"
"130","INTERNORTE"
"131","INTERNORTE"
"132","INTERNORTE"
"133","INTERNORTE"
"134","INTERNORTE"
"135","INTERNORTE"
"136","INTERNORTE"
"137","INTERNORTE"
"138","INTERNORTE"
"139","INTERNORTE"
"140","INTERNORTE"
"141","INTERNORTE"
"142","INTERNORTE"
"143","INTERNORTE"
"144","INTERNORTE"
"145","INTERNORTE"
"146","INTERNORTE"
"147","INTERNORTE"
"148","INTERNORTE"
"149","INTERNORTE"
"150","INTERNORTE"
"151","INTERNORTE"
"152","INTERNORTE"
"153","INTERNORTE"
"154","INTERNORTE"
"155","INTERNORTE"
"156","INTERNORTE"
"157","INTERNORTE"
"158","INTERNORTE"
"159","INTERNORTE"
"160","INTERNORTE"
"161","INTERNORTE"
"162","INTERNORTE"
"163","INTERNORTE"
"164","INTERNORTE"
"165","INTERNORTE"
"166","INTERNORTE"
"167","INTERNORTE"
"168","INTERNORTE"
"169","INTERNORTE"
"170","INTERNORTE"
"171","INTERNORTE"
"172","INTERNORTE"
"173","INTERNORTE"
"174","INTERNORTE"
"175","INTERNORTE"
"176","INTERNORTE"
"177","INTERNORTE"
"178","INTERNORTE"
"179","INTERNORTE"
"180","INTERNORTE"
"181","INTERNORTE"
"182","INTERNORTE"
"183","INTERNORTE"
"184","INTERNORTE"
"185","INTERNORTE"
"186","INTERNORTE"
"187","INTERNORTE"
"188","INTERNORTE"
"189","INTERNORTE"
"190","INTERNORTE"
"191","INTERNORTE"
"192","INTERNORTE"
"193","INTERNORTE"
"194","INTERNORTE"
"195","INTERNORTE"
"196","INTERNORTE"
"197","INTERNORTE"
"198","INTERNORTE"
"199","INTERNORTE"
"200","INTERNORTE"
"201","INTERNORTE"
"202","INTERNORTE"
"203","INTERNORTE"
"204","INTERNORTE"
"205","INTERNORTE"
"206","INTERNORTE"
"207","INTERNORTE"
"208","INTERNORTE"
"209","INTERNORTE"
"210","INTERNORTE"
"211","INTERNORTE"
"212","INTERNORTE"
"213","INTERNORTE"
"214","INTERNORTE"
"215","INTERNORTE"
"216","INTERNORTE"
"217","INTERNORTE"
"218","INTERNORTE"
"219","INTERNORTE"
"220","INTERNORTE"
"221","INTERNORTE"
"222","INTERNORTE"
"223","INTERNORTE"
"224","INTERNORTE"
"225","INTERNORTE"
"226","INTERNORTE"
"227","INTERNORTE"
"228","INTERNORTE"
"229","INTERNORTE"
"230","INTERNORTE"
"231","INTERNORTE"
"232","INTERNORTE"
"233","INTERNORTE"
"234","INTERNORTE"
"235","INTERNORTE"
"236","INTERNORTE"
"237","INTERNORTE"
"238","INTERNORTE"
"239","INTERNORTE"
"240","INTERNORTE"
"241","INTERNORTE"
"242","INTERNORTE"
"243","INTERNORTE"
"244","INTERNORTE"
"245","INTERNORTE"
"246","INTERNORTE"
"247","INTERNORTE"
"248","INTERNORTE"
"249","INTERNORTE"
"250","INTERNORTE"
"251","INTERNORTE"
"252","INTERNORTE"
"253","INTERNORTE"
"254","INTERNORTE"
"255","INTERNORTE"
"256","INTERNORTE"
"257","INTERNORTE"
"258","INTERNORTE"
"259","INTERNORTE"
"260","INTERNORTE"
"261","INTERNORTE"
"262","INTERNORTE"
"263","INTERNORTE"
"264","INTERNORTE"
"265","INTERNORTE"
"266","INTERNORTE"
"267","INTERNORTE"
"268","INTERNORTE"
"269","INTERNORTE"
"270","INTERNORTE"
"271","INTERNORTE"
"272","INTERNORTE"
"273","INTERNORTE"
"274","INTERNORTE"
"275","INTERNORTE"
"276","INTERNORTE"
"277","INTERNORTE"
"278","INTERNORTE"
"279","INTERNORTE"
"280","INTERNORTE"
"281","INTERNORTE"
"282","INTERNORTE"
"283","INTERNORTE"
"284","INTERNORTE"
"285","INTERNORTE"
"286","INTERNORTE"
"287","INTERNORTE"
"288","INTERNORTE"
"289","INTERNORTE"
"290","INTERNORTE"
"291","INTERNORTE"
"292","INTERNORTE"
"293","INTERNORTE"
"294","INTERNORTE"
"295","INTERNORTE"
"296","INTERNORTE"
"297","INTERNORTE"
"298","INTERNORTE"
"299","INTERNORTE"
"300","INTERNORTE"
"301","INTERSUL"
"302","INTERSUL"
"303","INTERSUL"
"304","INTERSUL"
"305","INTERSUL"
"306","INTERSUL"
"307","INTERSUL"
"308","INTERSUL"
"309","INTERSUL"
"310","INTERSUL"
"311","INTERSUL"
"312","INTERSUL"
"313","INTERSUL"
"314","INTERSUL"
"315","INTERSUL"
"316","INTERSUL"
"317","INTERSUL"
"318","INTERSUL"
"319","INTERSUL"
"320","INTERSUL"
"321","INTERSUL"
"322","INTERSUL"
"323","INTERSUL"
"324","INTERSUL"
"325","INTERSUL"
"326","INTERSUL"
"327","INTERSUL"
"328","INTERSUL"
"329","INTERSUL"
"330","INTERSUL"
"331","INTERSUL"
"332","INTERSUL"
"333","INTERSUL"
"334","INTERSUL"
"335","INTERSUL"
"336","INTERSUL"
"337","INTERSUL"
"338","INTERSUL"
"339","INTERSUL"
"340","INTERSUL"
"341","INTERSUL"
"342","INTERSUL"
"343","INTERSUL"
"344","INTERSUL"
"345","INTERSUL"
"346","INTERSUL"
"347","INTERSUL"
"348","INTERSUL"
"349","INTERSUL"
"350","INTERSUL"
"351","INTERSUL"
"352","INTERSUL"
"353","INTERSUL"
"354","INTERSUL"
"355","INTERSUL"
"356","INTERSUL"
"357","INTERSUL"
"358","INTERSUL"
"359","INTERSUL"
"360","INTERSUL"
"361","INTERSUL"
"362","INTERSUL"
"363","INTERSUL"
"364","INTERSUL"
"365","INTERSUL"
"366","INTERSUL"
"367","INTERSUL"
"368","INTERSUL"
"369","INTERSUL"
"370","INTERSUL"
"371","INTERSUL"
"372","INTERSUL"
"373","INTERSUL"
"374","INTERSUL"
"375","INTERSUL"
"376","INTERSUL"
"377","INTERSUL"
"378","INTERSUL"
"379","INTERSUL"
"380","INTERSUL"
"381","INTERSUL"
"382","INTERSUL"
"383","INTERSUL"
"384","INTERSUL"
"385","INTERSUL"
"386","INTERSUL"
"387","INTERSUL"
"388","INTERSUL"
"389","INTERSUL"
"390","INTERSUL"
"391","INTERSUL"
"392","INTERSUL"
"393","INTERSUL"
"394","INTERSUL"
"395","INTERSUL"
"396","INTERSUL"
"397","INTERSUL"
"398","INTERSUL"
"399","INTERSUL"
"400","INTERSUL"
"401","SANTACRUZ"
"402","SANTACRUZ"
"403","SANTACRUZ"
"404","SANTACRUZ"
"405","SANTACRUZ"
"406","SANTACRUZ"
"407","SANTACRUZ"
"408","SANTACRUZ"
"409","SANTACRUZ"
"410","SANTACRUZ"
"411","SANTACRUZ"
"412","SANTACRUZ"
"413","SANTACRUZ"
"414","SANTACRUZ"
"415","SANTACRUZ"
"416","SANTACRUZ"
"417","SANTACRUZ"
"418","SANTACRUZ"
"419","SANTACRUZ"
"420","SANTACRUZ"
"421","SANTACRUZ"
"422","SANTACRUZ"
"423","SANTACRUZ"
"424","SANTACRUZ"
"425","SANTACRUZ"
"426","SANTACRUZ"
"427","SANTACRUZ"
"428","SANTACRUZ"
"429","SANTACRUZ"
"430","SANTACRUZ"
"431","SANTACRUZ"
"432","SANTACRUZ"
"433","SANTACRUZ"
"434","SANTACRUZ"
"435","SANTACRUZ"
"436","SANTACRUZ"
"437","SANTACRUZ"
"438","SANTACRUZ"
"439","SANTACRUZ"
"440","SANTACRUZ"
"441","SANTACRUZ"
"442","SANTACRUZ"
"443","SANTACRUZ"
"444","SANTACRUZ"
"445","SANTACRUZ"
"446","SANTACRUZ"
"447","SANTACRUZ"
"448","SANTACRUZ"
"449","SANTACRUZ"
"450","SANTACRUZ"
"451","SANTACRUZ"
"452","SANTACRUZ"
"453","SANTACRUZ"
"454","SANTACRUZ"
"455","SANTACRUZ"
"456","SANTACRUZ"
"457","SANTACRUZ"
"458","SANTACRUZ"
"459","SANTACRUZ"
"460","SANTACRUZ"
"461","SANTACRUZ"
"462","SANTACRUZ"
"463","SANTACRUZ"
"464","SANTACRUZ"
"465","SANTACRUZ"
"466","SANTACRUZ"
"467","SANTACRUZ"
"468","SANTACRUZ"
"469","SANTACRUZ"
"470","SANTACRUZ"
"471","SANTACRUZ"
"472","SANTACRUZ"
"473","SANTACRUZ"
"474","SANTACRUZ"
"475","SANTACRUZ"
"476","SANTACRUZ"
"477","SANTACRUZ"
"478","TRANSCARIOCA"
"479","TRANSCARIOCA"
"480","TRANSCARIOCA"
"481","TRANSCARIOCA"
"482","TRANSCARIOCA"
"483","TRANSCARIOCA"
"484","TRANSCARIOCA"
"485","TRANSCARIOCA"
"486","TRANSCARIOCA"
"487","TRANSCARIOCA"
"488","TRANSCARIOCA"
"489","TRANSCARIOCA"
"490","TRANSCARIOCA"
"491","TRANSCARIOCA"
"492","TRANSCARIOCA"
"493","TRANSCARIOCA"
"494","TRANSCARIOCA"
"495","TRANSCARIOCA"
"496","TRANSCARIOCA"
"497","TRANSCARIOCA"
"498","TRANSCARIOCA"
"499","TRANSCARIOCA"
"500","TRANSCARIOCA"
"501","TRANSCARIOCA"
"502","TRANSCARIOCA"
"503","TRANSCARIOCA"
"504","TRANSCARIOCA"
"505","TRANSCARIOCA"
"506","TRANSCARIOCA"
"507","TRANSCARIOCA"
"508","TRANSCARIOCA"
"509","TRANSCARIOCA"
"510","TRANSCARIOCA"
"511","TRANSCARIOCA"
"512","TRANSCARIOCA"
"513","TRANSCARIOCA"
"514","TRANSCARIOCA"
"515","TRANSCARIOCA"
"516","TRANSCARIOCA"
"517","TRANSCARIOCA"
"518","TRANSCARIOCA"
"519","TRANSCARIOCA"
"520","TRANSCARIOCA"
"521","TRANSCARIOCA"
"522","TRANSCARIOCA"
"523","TRANSCARIOCA"
"524","TRANSCARIOCA"
"525","TRANSCARIOCA"
"526","TRANSCARIOCA"
"527","TRANSCARIOCA"
"528","TRANSCARIOCA"
"529","TRANSCARIOCA"
"530","TRANSCARIOCA"
"531","TRANSCARIOCA"
"532","TRANSCARIOCA"
"533","TRANSCARIOCA"
"534","TRANSCARIOCA"
"535","TRANSCARIOCA"
"536","TRANSCARIOCA"
"537","TRANSCARIOCA"
"538","TRANSCARIOCA"
"539","TRANSCARIOCA"
"540","TRANSCARIOCA"
"541","TRANSCARIOCA"
"542","TRANSCARIOCA"
"543","TRANSCARIOCA"
"544","TRANSCARIOCA"
"545","TRANSCARIOCA"
"546","TRANSCARIOCA"
"547","TRANSCARIOCA"
"548","TRANSCARIOCA"
"549","TRANSCARIOCA"
"550","TRANSCARIOCA"
"551","TRANSCARIOCA"
"552","TRANSCARIOCA"
"553","TRANSCARIOCA"
"554","TRANSCARIOCA"
"555","TRANSCARIOCA"
"556","TRANSCARIOCA"
"557","TRANSCARIOCA"
"558","TRANSCARIOCA"
"559","TRANSCARIOCA"
"560","TRANSCARIOCA"
"561","TRANSCARIOCA"
"562","TRANSCARIOCA"
"563","TRANSCARIOCA"
"564","TRANSCARIOCA"
"565","TRANSCARIOCA"
"566","TRANSCARIOCA"
"567","TRANSCARIOCA"
"568","TRANSCARIOCA"
"569","TRANSCARIOCA"
"570","TRANSCARIOCA"
"571","TRANSCARIOCA"
"572","TRANSCARIOCA"
"573","TRANSCARIOCA"
"574","TRANSCARIOCA"
"575","TRANSCARIOCA"
"576","TRANSCARIOCA"
"577","TRANSCARIOCA"
"578","TRANSCARIOCA"
"579","TRANSCARIOCA"
"580","TRANSCARIOCA"
"581","TRANSCARIOCA"
"582","TRANSCARIOCA"
"583","TRANSCARIOCA"
"584","TRANSCARIOCA"
"585","TRANSCARIOCA"
"586","TRANSCARIOCA"
"587","TRANSCARIOCA"
"588","TRANSCARIOCA"
"589","TRANSCARIOCA"
"590","TRANSCARIOCA"
"591","TRANSCARIOCA"
"592","TRANSCARIOCA"
"593","TRANSCARIOCA"
"594","TRANSCARIOCA"
"595","TRANSCARIOCA"
"596","TRANSCARIOCA"
"597","TRANSCARIOCA"
"598","TRANSCARIOCA"
"599","TRANSCARIOCA"
"600","TRANSCARIOCA"